t,x,y,yaw,estado,waypoint,dist,front_clear,path_len,v,w
57.500,-1.8905,1.9559,2.5284,FOLLOW,vermelho,5.7605,0.487,101,0.0000,-1.0000
57.600,-1.8905,1.9559,2.5207,FOLLOW,vermelho,5.7605,0.500,101,0.0000,-1.0000
57.700,-1.8906,1.9560,2.4167,FOLLOW,vermelho,5.7607,0.500,101,0.0000,-1.0000
57.800,-1.8908,1.9561,2.3160,FOLLOW,vermelho,5.7609,0.464,101,0.0000,-1.0000
57.900,-1.8909,1.9562,2.2151,FOLLOW,vermelho,5.7611,0.464,101,0.0000,-1.0000
58.000,-1.8910,1.9564,2.1135,FOLLOW,vermelho,5.7613,0.428,101,0.0000,-1.0000
58.100,-1.8911,1.9566,2.0115,FOLLOW,vermelho,5.7615,0.428,101,0.0000,-1.0000
58.200,-1.8912,1.9567,1.9096,FOLLOW,vermelho,5.7617,0.420,101,0.0000,-1.0000
58.300,-1.8913,1.9569,1.8077,FOLLOW,vermelho,5.7618,0.420,101,0.0000,-1.0000
58.400,-1.8913,1.9571,1.7059,FOLLOW,vermelho,5.7620,0.401,101,0.0000,-1.0000
58.500,-1.8913,1.9572,1.6380,FOLLOW,vermelho,5.7621,0.401,101,0.0000,-1.0000
58.600,-1.8914,1.9574,1.5361,FOLLOW,vermelho,5.7622,0.410,101,0.0000,-1.0000
58.700,-1.8914,1.9576,1.4343,FOLLOW,vermelho,5.7624,0.410,101,0.0000,-1.0000
58.800,-1.8913,1.9578,1.3324,FOLLOW,vermelho,5.7625,0.405,101,0.0000,-1.0000
58.900,-1.8913,1.9580,1.2306,FOLLOW,vermelho,5.7626,0.405,101,0.0000,-1.0000
59.000,-1.8912,1.9582,1.1287,FOLLOW,vermelho,5.7627,0.398,101,0.0000,-1.0000
59.100,-1.8912,1.9583,1.0269,FOLLOW,vermelho,5.7628,0.398,101,0.0000,-1.0000
59.200,-1.8911,1.9585,0.9251,FOLLOW,vermelho,5.7628,0.427,101,0.0000,-1.0000
59.300,-1.8909,1.9587,0.8232,FOLLOW,vermelho,5.7628,0.427,101,0.0000,-1.0000
59.400,-1.8908,1.9588,0.7214,FOLLOW,vermelho,5.7629,0.445,101,0.0000,-1.0000
59.500,-1.8907,1.9589,0.6195,FOLLOW,vermelho,5.7629,0.445,101,0.0000,-1.0000
59.600,-1.8905,1.9591,0.5177,FOLLOW,vermelho,5.7628,0.491,101,0.2000,-1.0000
59.700,-1.8872,1.9606,0.4151,FOLLOW,vermelho,5.7617,0.491,101,0.2000,-1.0000
59.800,-1.8741,1.9656,0.3123,FOLLOW,vermelho,5.7560,0.582,101,0.2000,-0.9095
59.900,-1.8542,1.9709,0.2168,FOLLOW,vermelho,5.7459,0.582,101,0.2000,-0.7505
60.000,-1.8340,1.9744,0.1297,FOLLOW,vermelho,5.7344,0.723,101,0.2000,-0.6617
60.100,-1.8135,1.9764,0.0601,FOLLOW,vermelho,5.7216,0.723,101,0.2000,-0.5971
60.200,-1.7999,1.9769,0.0169,FOLLOW,vermelho,5.7125,0.958,99,0.2000,-0.4814
60.300,-1.7794,1.9767,-0.0410,FOLLOW,vermelho,5.6982,0.958,99,0.2000,-0.4221
60.400,-1.7589,1.9754,-0.0845,FOLLOW,vermelho,5.6832,1.263,99,0.2000,-0.3831
60.500,-1.7385,1.9733,-0.1247,FOLLOW,vermelho,5.6676,1.263,98,0.2000,-0.2685
60.600,-1.7183,1.9703,-0.1619,FOLLOW,vermelho,5.6516,1.728,98,0.2000,-0.2286
60.700,-1.6981,1.9668,-0.1851,FOLLOW,vermelho,5.6353,1.728,98,0.2000,-0.1376
60.800,-1.6781,1.9629,-0.2017,FOLLOW,vermelho,5.6187,2.383,97,0.2000,-0.1206
60.900,-1.6581,1.9586,-0.2160,FOLLOW,vermelho,5.6020,2.383,97,0.2000,-0.0451
61.000,-1.6382,1.9542,-0.2227,FOLLOW,vermelho,5.5852,2.378,97,0.2000,-0.0373
61.100,-1.6183,1.9496,-0.2271,FOLLOW,vermelho,5.5684,2.378,96,0.2000,-0.0331
61.200,-1.5984,1.9450,-0.2307,FOLLOW,vermelho,5.5515,2.351,96,0.2000,0.0264
61.300,-1.5786,1.9403,-0.2298,FOLLOW,vermelho,5.5347,2.351,96,0.2000,0.0268
61.400,-1.5587,1.9357,-0.2274,FOLLOW,vermelho,5.5179,2.311,95,0.2000,0.0712
61.500,-1.5388,1.9311,-0.2215,FOLLOW,vermelho,5.5012,2.311,95,0.2000,0.0667
61.600,-1.5189,1.9267,-0.2147,FOLLOW,vermelho,5.4846,2.278,95,0.2000,0.0982
61.700,-1.4990,1.9225,-0.2056,FOLLOW,vermelho,5.4681,2.278,93,0.2000,0.0903
61.800,-1.4790,1.9184,-0.1963,FOLLOW,vermelho,5.4517,2.236,93,0.2000,0.0818
61.900,-1.4657,1.9158,-0.1901,FOLLOW,vermelho,5.4409,2.236,93,0.2000,0.1065
62.000,-1.4457,1.9120,-0.1802,FOLLOW,vermelho,5.4248,2.207,92,0.2000,0.0980
62.100,-1.4256,1.9085,-0.1697,FOLLOW,vermelho,5.4089,2.207,92,0.2000,0.0883
62.200,-1.4055,1.9051,-0.1605,FOLLOW,vermelho,5.3931,2.148,92,0.2000,-0.1160
62.300,-1.3853,1.9016,-0.2135,FOLLOW,vermelho,5.3771,2.148,91,0.2000,-0.0428
62.400,-1.3653,1.8971,-0.2191,FOLLOW,vermelho,5.3607,2.103,91,0.2000,0.0154
62.500,-1.3455,1.8926,-0.2211,FOLLOW,vermelho,5.3442,2.103,91,0.2000,0.0200
62.600,-1.3256,1.8881,-0.2215,FOLLOW,vermelho,5.3278,2.077,90,0.2000,0.0220
62.700,-1.3057,1.8836,-0.2199,FOLLOW,vermelho,5.3115,2.077,90,0.2000,-0.1463
62.800,-1.2857,1.8791,-0.2407,FOLLOW,vermelho,5.2951,2.035,90,0.2000,-0.1238
62.900,-1.2659,1.8741,-0.2493,FOLLOW,vermelho,5.2785,2.035,89,0.2000,-0.1187
63.000,-1.2462,1.8690,-0.2615,FOLLOW,vermelho,5.2617,2.005,89,0.2000,-0.2398
63.100,-1.2265,1.8635,-0.2826,FOLLOW,vermelho,5.2449,2.005,89,0.2000,-0.2222
63.200,-1.2069,1.8576,-0.3053,FOLLOW,vermelho,5.2278,1.944,88,0.2000,-0.2014
63.300,-1.1875,1.8512,-0.3268,FOLLOW,vermelho,5.2104,1.944,88,0.2000,-0.2800
63.400,-1.1682,1.8444,-0.3530,FOLLOW,vermelho,5.1929,1.915,88,0.2000,-0.2565
63.500,-1.1491,1.8371,-0.3794,FOLLOW,vermelho,5.1750,1.915,85,0.2000,-0.2320
63.600,-1.1365,1.8319,-0.3968,FOLLOW,vermelho,5.1630,1.866,85,0.2000,-0.2157
63.700,-1.1177,1.8238,-0.4189,FOLLOW,vermelho,5.1448,1.866,85,0.2000,-0.4012
63.800,-1.0991,1.8153,-0.4511,FOLLOW,vermelho,5.1264,1.825,85,0.2000,-0.4030
63.900,-1.0809,1.8060,-0.4917,FOLLOW,vermelho,5.1077,1.825,85,0.2000,-0.3638
64.000,-1.0630,1.7959,-0.5305,FOLLOW,vermelho,5.0886,1.789,85,0.2000,-0.3265
64.100,-1.0456,1.7853,-0.5654,FOLLOW,vermelho,5.0693,1.789,83,0.2000,-0.2942
64.200,-1.0285,1.7740,-0.5983,FOLLOW,vermelho,5.0498,1.870,83,0.2000,-0.4313
64.300,-1.0117,1.7622,-0.6401,FOLLOW,vermelho,5.0301,1.870,83,0.2000,-0.3957
64.400,-0.9956,1.7497,-0.6796,FOLLOW,vermelho,5.0102,2.007,82,0.2000,-0.5032
64.500,-0.9799,1.7365,-0.7221,FOLLOW,vermelho,4.9901,2.007,82,0.2000,-0.4708
64.600,-0.9649,1.7225,-0.7726,FOLLOW,vermelho,4.9698,1.988,82,0.2000,-0.5381
64.700,-0.9506,1.7079,-0.8259,FOLLOW,vermelho,4.9494,1.988,82,0.2000,-0.4906
64.800,-0.9371,1.6924,-0.8794,FOLLOW,vermelho,4.9289,1.937,82,0.2000,-0.5279
64.900,-0.9244,1.6763,-0.9314,FOLLOW,vermelho,4.9084,1.937,82,0.2000,-0.4811
65.000,-0.9126,1.6596,-0.9816,FOLLOW,vermelho,4.8880,2.205,80,0.2000,-0.4997
65.100,-0.9016,1.6422,-1.0322,FOLLOW,vermelho,4.8676,2.205,80,0.2000,-0.4523
65.200,-0.8916,1.6244,-1.0798,FOLLOW,vermelho,4.8474,2.165,80,0.2000,-0.4084
65.300,-0.8853,1.6123,-1.1099,FOLLOW,vermelho,4.8340,2.165,80,0.2000,-0.2172
65.400,-0.8766,1.5938,-1.1488,FOLLOW,vermelho,4.8141,2.162,80,0.2000,-0.1703
65.500,-0.8683,1.5750,-1.1658,FOLLOW,vermelho,4.7944,2.162,80,0.2000,-0.1550
65.600,-0.8605,1.5562,-1.1823,FOLLOW,vermelho,4.7748,2.123,78,0.2000,-0.0003
65.700,-0.8529,1.5372,-1.1982,FOLLOW,vermelho,4.7553,2.123,78,0.2000,0.0242
65.800,-0.8455,1.5182,-1.1955,FOLLOW,vermelho,4.7359,2.072,78,0.2000,0.0218
65.900,-0.8380,1.4992,-1.1939,FOLLOW,vermelho,4.7165,2.072,77,0.2000,0.1334
66.000,-0.8305,1.4803,-1.1900,FOLLOW,vermelho,4.6970,2.032,77,0.2000,0.1353
66.100,-0.8227,1.4614,-1.1751,FOLLOW,vermelho,4.6776,2.032,77,0.2000,0.1207
66.200,-0.8148,1.4427,-1.1618,FOLLOW,vermelho,4.6580,2.002,76,0.2000,0.1082
66.300,-0.8065,1.4240,-1.1496,FOLLOW,vermelho,4.6384,2.002,76,0.2000,0.1866
66.400,-0.7981,1.4055,-1.1334,FOLLOW,vermelho,4.6188,1.974,76,0.2000,0.1733
66.500,-0.7893,1.3871,-1.1159,FOLLOW,vermelho,4.5990,1.974,75,0.2000,0.1575
66.600,-0.7802,1.3689,-1.0992,FOLLOW,vermelho,4.5792,1.932,75,0.2000,0.2068
66.700,-0.7708,1.3509,-1.0795,FOLLOW,vermelho,4.5593,1.932,75,0.2000,0.1889
66.800,-0.7610,1.3330,-1.0599,FOLLOW,vermelho,4.5393,1.897,74,0.2000,0.1707
66.900,-0.7509,1.3153,-1.0418,FOLLOW,vermelho,4.5193,1.897,74,0.2000,0.1984
67.000,-0.7440,1.3036,-1.0296,FOLLOW,vermelho,4.5059,2.518,74,0.2000,0.1873
67.100,-0.7333,1.2863,-1.0099,FOLLOW,vermelho,4.4857,2.518,73,0.2000,0.1683
67.200,-0.7223,1.2692,-0.9910,FOLLOW,vermelho,4.4655,1.797,73,0.2000,0.1499
67.300,-0.7110,1.2522,-0.9753,FOLLOW,vermelho,4.4453,1.797,73,0.2000,0.1649
67.400,-0.6995,1.2354,-0.9590,FOLLOW,vermelho,4.4250,1.737,72,0.2000,0.1495
67.500,-0.6876,1.2188,-0.9427,FOLLOW,vermelho,4.4047,1.737,72,0.2000,0.1335
67.600,-0.6756,1.2024,-0.9287,FOLLOW,vermelho,4.3844,1.727,72,0.2000,0.1208
67.700,-0.6632,1.1862,-0.9159,FOLLOW,vermelho,4.3640,1.727,71,0.2000,0.1269
67.800,-0.6507,1.1701,-0.9034,FOLLOW,vermelho,4.3437,1.681,71,0.2000,0.1153
67.900,-0.6380,1.1542,-0.8913,FOLLOW,vermelho,4.3233,1.681,71,0.2000,0.1040
68.000,-0.6251,1.1384,-0.8802,FOLLOW,vermelho,4.3029,1.673,70,0.2000,0.1035
68.100,-0.6121,1.1228,-0.8696,FOLLOW,vermelho,4.2825,1.673,70,0.2000,0.0932
68.200,-0.5988,1.1073,-0.8598,FOLLOW,vermelho,4.2621,1.611,70,0.2000,0.0840
68.300,-0.5855,1.0919,-0.8509,FOLLOW,vermelho,4.2418,1.611,69,0.2000,0.0758
68.400,-0.5720,1.0766,-0.8429,FOLLOW,vermelho,4.2214,1.547,69,0.2000,0.0723
68.500,-0.5583,1.0614,-0.8354,FOLLOW,vermelho,4.2010,1.547,69,0.2000,0.0651
68.600,-0.5446,1.0464,-0.8286,FOLLOW,vermelho,4.1806,1.514,68,0.2000,0.0588
68.700,-0.5354,1.0364,-0.8242,FOLLOW,vermelho,4.1671,1.514,68,0.2000,0.0555
68.800,-0.5215,1.0214,-0.8186,FOLLOW,vermelho,4.1467,1.479,68,0.2000,0.0500
68.900,-0.5075,1.0066,-0.8133,FOLLOW,vermelho,4.1263,1.479,68,0.2000,0.0449
69.000,-0.4935,0.9918,-0.8083,FOLLOW,vermelho,4.1060,1.444,68,0.2000,0.0401
69.100,-0.4794,0.9771,-0.8041,FOLLOW,vermelho,4.0856,1.444,68,0.2000,0.0348
69.200,-0.4652,0.9624,-0.8004,FOLLOW,vermelho,4.0653,1.392,67,0.2000,0.0311
69.300,-0.4510,0.9478,-0.7969,FOLLOW,vermelho,4.0450,1.392,67,0.2000,0.0277
69.400,-0.4367,0.9333,-0.7940,FOLLOW,vermelho,4.0246,1.374,67,0.2000,0.0228
69.500,-0.4224,0.9187,-0.7915,FOLLOW,vermelho,4.0043,1.374,66,0.2000,0.0203
69.600,-0.4080,0.9042,-0.7892,FOLLOW,vermelho,3.9840,1.329,66,0.2000,0.0180
69.700,-0.3937,0.8898,-0.7873,FOLLOW,vermelho,3.9636,1.329,66,0.2000,0.0163
69.800,-0.3792,0.8753,-0.7856,FOLLOW,vermelho,3.9433,1.292,65,0.2000,0.0119
69.900,-0.3648,0.8609,-0.7840,FOLLOW,vermelho,3.9230,1.292,65,0.2000,0.0102
70.000,-0.3504,0.8465,-0.7830,FOLLOW,vermelho,3.9027,1.249,65,0.2000,0.0093
70.100,-0.3359,0.8322,-0.7820,FOLLOW,vermelho,3.8824,1.249,64,0.2000,0.0058
70.200,-0.3214,0.8178,-0.7813,FOLLOW,vermelho,3.8621,1.211,64,0.2000,0.0051
70.300,-0.3069,0.8034,-0.7808,FOLLOW,vermelho,3.8418,1.211,64,0.2000,0.0045
70.400,-0.2973,0.7939,-0.7804,FOLLOW,vermelho,3.8282,1.149,63,0.2000,0.0042
70.500,-0.2828,0.7795,-0.7800,FOLLOW,vermelho,3.8079,1.149,63,0.2000,0.0015
70.600,-0.2683,0.7652,-0.7798,FOLLOW,vermelho,3.7876,1.125,63,0.2000,0.0012
70.700,-0.2538,0.7508,-0.7796,FOLLOW,vermelho,3.7673,1.125,63,0.2000,0.0011
70.800,-0.2393,0.7365,-0.7795,FOLLOW,vermelho,3.7470,1.099,63,0.2000,0.0009
70.900,-0.2247,0.7221,-0.7794,FOLLOW,vermelho,3.7267,1.099,63,0.2000,-0.0011
71.000,-0.2102,0.7078,-0.7795,FOLLOW,vermelho,3.7064,1.048,62,0.2000,-0.0011
71.100,-0.1957,0.6935,-0.7796,FOLLOW,vermelho,3.6861,1.048,62,0.2000,-0.0010
71.200,-0.1812,0.6791,-0.7797,FOLLOW,vermelho,3.6659,1.012,62,0.2000,-0.0024
71.300,-0.1667,0.6648,-0.7799,FOLLOW,vermelho,3.6456,1.012,61,0.2000,-0.0023
71.400,-0.1522,0.6504,-0.7801,FOLLOW,vermelho,3.6253,0.966,61,0.2000,-0.0020
71.500,-0.1377,0.6361,-0.7803,FOLLOW,vermelho,3.6050,0.966,61,0.2000,-0.0029
71.600,-0.1232,0.6217,-0.7806,FOLLOW,vermelho,3.5847,0.940,60,0.2000,-0.0027
71.700,-0.1087,0.6074,-0.7809,FOLLOW,vermelho,3.5644,0.940,60,0.2000,-0.0024
71.800,-0.0942,0.5930,-0.7811,FOLLOW,vermelho,3.5441,0.895,60,0.2000,-0.0022
71.900,-0.0797,0.5786,-0.7814,FOLLOW,vermelho,3.5238,0.895,59,0.2000,-0.0028
72.000,-0.0653,0.5643,-0.7816,FOLLOW,vermelho,3.5035,0.855,59,0.2000,-0.0025
72.100,-0.0556,0.5547,-0.7818,FOLLOW,vermelho,3.4900,0.855,59,0.2000,-0.0024
72.200,-0.0411,0.5403,-0.7821,FOLLOW,vermelho,3.4697,0.816,58,0.2000,-0.0021
72.300,-0.0267,0.5259,-0.7823,FOLLOW,vermelho,3.4494,0.816,58,0.2000,-0.0025
72.400,-0.0122,0.5116,-0.7825,FOLLOW,vermelho,3.4291,0.789,58,0.2000,-0.0023
72.500,0.0023,0.4972,-0.7828,FOLLOW,vermelho,3.4088,0.789,57,0.2000,-0.0020
72.600,0.0167,0.4828,-0.7830,FOLLOW,vermelho,3.3886,0.744,57,0.2000,-0.0022
72.700,0.0312,0.4684,-0.7832,FOLLOW,vermelho,3.3683,0.744,57,0.2000,-0.0020
72.800,0.0456,0.4540,-0.7834,FOLLOW,vermelho,3.3480,1.347,57,0.2000,-0.0018
72.900,0.0601,0.4396,-0.7836,FOLLOW,vermelho,3.3277,1.347,57,0.2000,-0.0016
73.000,0.0745,0.4252,-0.7838,FOLLOW,vermelho,3.3074,1.291,57,0.2000,-0.0016
73.100,0.0890,0.4108,-0.7839,FOLLOW,vermelho,3.2872,1.291,56,0.2000,-0.0015
73.200,0.1034,0.3964,-0.7841,FOLLOW,vermelho,3.2669,1.279,56,0.2000,-0.0013
73.300,0.1179,0.3820,-0.7842,FOLLOW,vermelho,3.2466,1.279,56,0.2000,-0.0013
73.400,0.1323,0.3676,-0.7844,FOLLOW,vermelho,3.2263,1.228,55,0.2000,-0.0012
73.500,0.1468,0.3532,-0.7845,FOLLOW,vermelho,3.2060,1.228,55,0.2000,-0.0011
73.600,0.1612,0.3387,-0.7846,FOLLOW,vermelho,3.1858,1.186,55,0.2000,-0.0009
73.700,0.1756,0.3243,-0.7847,FOLLOW,vermelho,3.1655,1.186,54,0.2000,-0.0009
73.800,0.1853,0.3147,-0.7848,FOLLOW,vermelho,3.1520,1.154,54,0.2000,-0.0008
73.900,0.1997,0.3003,-0.7849,FOLLOW,vermelho,3.1317,1.154,54,0.2000,-0.0007
74.000,0.2141,0.2859,-0.7849,FOLLOW,vermelho,3.1115,1.109,53,0.2000,-0.0007
74.100,0.2286,0.2715,-0.7850,FOLLOW,vermelho,3.0912,1.109,53,0.2000,-0.0006
74.200,0.2430,0.2570,-0.7851,FOLLOW,vermelho,3.0709,1.059,53,0.2000,-0.0005
74.300,0.2574,0.2426,-0.7851,FOLLOW,vermelho,3.0507,1.059,52,0.2000,-0.0005
74.400,0.2718,0.2282,-0.7852,FOLLOW,vermelho,3.0304,1.025,52,0.2000,-0.0004
74.500,0.2863,0.2138,-0.7852,FOLLOW,vermelho,3.0101,1.025,52,0.2000,-0.0004
74.600,0.3007,0.1994,-0.7853,FOLLOW,vermelho,2.9899,1.006,51,0.2000,-0.0003
74.700,0.3151,0.1849,-0.7853,FOLLOW,vermelho,2.9696,1.006,51,0.2000,-0.0003
74.800,0.3295,0.1705,-0.7853,FOLLOW,vermelho,2.9494,0.925,51,0.2000,-0.0002
74.900,0.3440,0.1561,-0.7854,FOLLOW,vermelho,2.9291,0.925,51,0.2000,-0.0002
75.000,0.3584,0.1417,-0.7854,FOLLOW,vermelho,2.9089,0.907,51,0.2000,-0.0002
75.100,0.3728,0.1272,-0.7854,FOLLOW,vermelho,2.8886,0.907,51,0.2000,-0.0001
75.200,0.3872,0.1128,-0.7854,FOLLOW,vermelho,2.8684,0.873,50,0.2000,-0.0001
75.300,0.4017,0.0984,-0.7854,FOLLOW,vermelho,2.8481,0.873,50,0.2000,-0.0001
75.400,0.4161,0.0840,-0.7855,FOLLOW,vermelho,2.8279,0.817,50,0.2000,-0.0001
75.500,0.4257,0.0743,-0.7855,FOLLOW,vermelho,2.8144,0.817,49,0.2000,-0.0000
75.600,0.4401,0.0599,-0.7855,FOLLOW,vermelho,2.7942,0.788,49,0.2000,-0.0000
75.700,0.4546,0.0455,-0.7855,FOLLOW,vermelho,2.7739,0.788,49,0.2000,-0.0000
75.800,0.4690,0.0311,-0.7855,FOLLOW,vermelho,2.7537,0.751,48,0.2000,-0.0000
75.900,0.4834,0.0166,-0.7855,FOLLOW,vermelho,2.7335,0.751,48,0.2000,0.0000
76.000,0.4978,0.0022,-0.7855,FOLLOW,vermelho,2.7132,0.694,48,0.2000,0.0000
76.100,0.5123,-0.0122,-0.7855,FOLLOW,vermelho,2.6930,0.694,47,0.2000,0.0000
76.200,0.5267,-0.0266,-0.7855,FOLLOW,vermelho,2.6728,0.663,47,0.2000,0.1672
76.300,0.5411,-0.0410,-0.7739,FOLLOW,vermelho,2.6526,0.663,47,0.2000,0.2983
76.400,0.5558,-0.0551,-0.7489,FOLLOW,vermelho,2.6325,0.619,46,0.2000,0.2788
76.500,0.5709,-0.0687,-0.7193,FOLLOW,vermelho,2.6125,0.619,46,0.2000,0.5746
76.600,0.5865,-0.0818,-0.6694,FOLLOW,vermelho,2.5927,0.590,46,0.2000,0.5354
76.700,0.6027,-0.0939,-0.6154,FOLLOW,vermelho,2.5732,0.590,45,0.2000,0.5534
76.800,0.6196,-0.1052,-0.5590,FOLLOW,vermelho,2.5541,0.550,45,0.2000,0.5013
76.900,0.6371,-0.1155,-0.5059,FOLLOW,vermelho,2.5354,0.550,45,0.2000,0.4973
77.000,0.6551,-0.1249,-0.4547,FOLLOW,vermelho,2.5171,0.530,44,0.2000,0.4488
77.100,0.6736,-0.1333,-0.4074,FOLLOW,vermelho,2.4993,0.530,44,0.2000,0.4052
77.200,0.6861,-0.1385,-0.3776,FOLLOW,vermelho,2.4878,0.567,44,0.2000,0.1918
77.300,0.7051,-0.1457,-0.3375,FOLLOW,vermelho,2.4708,0.567,43,0.2000,0.1416
77.400,0.7244,-0.1522,-0.3205,FOLLOW,vermelho,2.4543,1.658,43,0.2000,0.1244
77.500,0.7438,-0.1585,-0.3071,FOLLOW,vermelho,2.4379,1.658,43,0.2000,0.1634
77.600,0.7632,-0.1645,-0.2912,FOLLOW,vermelho,2.4218,1.613,41,0.2000,0.1493
77.700,0.7828,-0.1702,-0.2749,FOLLOW,vermelho,2.4060,1.613,41,0.2000,0.1743
77.800,0.8024,-0.1756,-0.2582,FOLLOW,vermelho,2.3904,1.577,41,0.2000,0.1592
77.900,0.8222,-0.1806,-0.2416,FOLLOW,vermelho,2.3752,1.577,40,0.2000,0.1441
78.000,0.8420,-0.1853,-0.2255,FOLLOW,vermelho,2.3603,1.544,40,0.2000,-0.0563
78.100,0.8619,-0.1898,-0.2225,FOLLOW,vermelho,2.3455,1.544,40,0.2000,-0.0647
78.200,0.8818,-0.1944,-0.2285,FOLLOW,vermelho,2.3308,1.505,39,0.2000,-0.0598
78.300,0.9017,-0.1991,-0.2354,FOLLOW,vermelho,2.3161,1.505,39,0.2000,0.0071
78.400,0.9215,-0.2039,-0.2370,FOLLOW,vermelho,2.3015,1.466,39,0.2000,0.0102
78.500,0.9413,-0.2086,-0.2365,FOLLOW,vermelho,2.2869,1.466,37,0.2000,-0.1485
78.600,0.9612,-0.2135,-0.2475,FOLLOW,vermelho,2.2723,1.429,37,0.2000,-0.1410
78.700,0.9809,-0.2186,-0.2606,FOLLOW,vermelho,2.2577,1.429,37,0.2000,-0.1298
78.800,1.0006,-0.2240,-0.2744,FOLLOW,vermelho,2.2429,1.379,36,0.2000,-0.2419
78.900,1.0137,-0.2278,-0.2859,FOLLOW,vermelho,2.2330,1.379,36,0.2000,-0.2340
79.000,1.0333,-0.2338,-0.3110,FOLLOW,vermelho,2.2179,1.346,36,0.2000,-0.2097
79.100,1.0526,-0.2403,-0.3336,FOLLOW,vermelho,2.2026,1.346,35,0.2000,-0.1887
79.200,1.0719,-0.2472,-0.3548,FOLLOW,vermelho,2.1870,1.310,35,0.2000,-0.3866
79.300,1.0910,-0.2545,-0.3864,FOLLOW,vermelho,2.1713,1.310,35,0.2000,-0.4107
79.400,1.1098,-0.2626,-0.4265,FOLLOW,vermelho,2.1551,1.266,33,0.2000,-0.3733
79.500,1.1283,-0.2714,-0.4678,FOLLOW,vermelho,2.1384,1.266,33,0.2000,-0.3330
79.600,1.1464,-0.2810,-0.5030,FOLLOW,vermelho,2.1214,1.250,33,0.2000,-0.4724
79.700,1.1641,-0.2912,-0.5486,FOLLOW,vermelho,2.1041,1.250,33,0.2000,-0.4324
79.800,1.1813,-0.3023,-0.5945,FOLLOW,vermelho,2.0862,1.234,33,0.2000,-0.5382
79.900,1.1981,-0.3142,-0.6455,FOLLOW,vermelho,2.0680,1.234,33,0.2000,-0.4939
80.000,1.2141,-0.3269,-0.6967,FOLLOW,vermelho,2.0493,1.225,31,0.2000,-0.5687
80.100,1.2295,-0.3405,-0.7527,FOLLOW,vermelho,2.0302,1.225,31,0.2000,-0.5179
80.200,1.2440,-0.3549,-0.8069,FOLLOW,vermelho,2.0108,1.244,31,0.2000,-0.4687
80.300,1.2578,-0.3701,-0.8566,FOLLOW,vermelho,1.9910,1.244,29,0.2000,-0.5211
80.400,1.2709,-0.3859,-0.9083,FOLLOW,vermelho,1.9710,1.271,29,0.2000,-0.4753
80.500,1.2831,-0.4023,-0.9578,FOLLOW,vermelho,1.9509,1.271,29,0.2000,-0.5033
80.600,1.2908,-0.4136,-0.9909,FOLLOW,vermelho,1.9373,1.321,29,0.2000,-0.4735
80.700,1.3016,-0.4311,-1.0418,FOLLOW,vermelho,1.9169,1.321,29,0.2000,-0.4262
80.800,1.3115,-0.4490,-1.0865,FOLLOW,vermelho,1.8965,1.389,29,0.2000,-0.4378
80.900,1.3206,-0.4673,-1.1309,FOLLOW,vermelho,1.8760,1.389,27,0.2000,-0.3975
81.000,1.3290,-0.4860,-1.1747,FOLLOW,vermelho,1.8555,1.489,27,0.2000,-0.3917
81.100,1.3365,-0.5051,-1.2143,FOLLOW,vermelho,1.8351,1.489,27,0.2000,-0.3551
81.200,1.3433,-0.5244,-1.2515,FOLLOW,vermelho,1.8148,1.604,26,0.2000,-0.3212
81.300,1.3493,-0.5439,-1.2873,FOLLOW,vermelho,1.7946,1.604,26,0.2000,-0.3092
81.400,1.3548,-0.5636,-1.3188,FOLLOW,vermelho,1.7745,1.713,26,0.2000,-0.2806
81.500,1.3596,-0.5835,-1.3482,FOLLOW,vermelho,1.7546,1.713,26,0.2000,-0.2661
81.600,1.3638,-0.6035,-1.3767,FOLLOW,vermelho,1.7348,1.669,26,0.2000,-0.2389
81.700,1.3675,-0.6237,-1.4017,FOLLOW,vermelho,1.7152,1.669,26,0.2000,-0.2162
81.800,1.3707,-0.6438,-1.4245,FOLLOW,vermelho,1.6958,1.613,25,0.2000,-0.1998
81.900,1.3735,-0.6641,-1.4455,FOLLOW,vermelho,1.6766,1.613,25,0.2000,-0.1804
82.000,1.3758,-0.6844,-1.4646,FOLLOW,vermelho,1.6575,1.415,25,0.2000,-0.1629
82.100,1.3778,-0.7047,-1.4818,FOLLOW,vermelho,1.6386,1.415,23,0.2000,-0.1466
82.200,1.3794,-0.7251,-1.4973,FOLLOW,vermelho,1.6199,1.231,23,0.2000,-0.1293
82.300,1.3804,-0.7387,-1.5069,FOLLOW,vermelho,1.6075,1.231,23,0.2000,-0.1198
82.400,1.3816,-0.7591,-1.5192,FOLLOW,vermelho,1.5891,1.134,22,0.2000,-0.1085
82.500,1.3825,-0.7795,-1.5312,FOLLOW,vermelho,1.5708,1.134,22,0.2000,-0.0919
82.600,1.3832,-0.7999,-1.5410,FOLLOW,vermelho,1.5527,1.050,22,0.2000,-0.0825
82.700,1.3837,-0.8203,-1.5497,FOLLOW,vermelho,1.5347,1.050,21,0.2000,-0.0744
82.800,1.3840,-0.8407,-1.5580,FOLLOW,vermelho,1.5169,0.985,21,0.2000,-0.0597
82.900,1.3842,-0.8611,-1.5645,FOLLOW,vermelho,1.4992,0.985,21,0.2000,-0.0536
83.000,1.3843,-0.8815,-1.5702,FOLLOW,vermelho,1.4817,0.945,20,0.2000,-0.0416
83.100,1.3843,-0.9019,-1.5754,FOLLOW,vermelho,1.4642,0.945,20,0.2000,-0.0361
83.200,1.3841,-0.9223,-1.5791,FOLLOW,vermelho,1.4470,0.926,20,0.2000,-0.0327
83.300,1.3839,-0.9427,-1.5825,FOLLOW,vermelho,1.4298,0.926,19,0.2000,0.2021
83.400,1.3836,-0.9632,-1.5903,FOLLOW,vermelho,1.4128,0.912,19,0.2000,0.2270
83.500,1.3833,-0.9835,-1.5698,FOLLOW,vermelho,1.3959,0.912,19,0.2000,0.3919
83.600,1.3835,-1.0039,-1.5423,FOLLOW,vermelho,1.3788,0.941,17,0.2000,0.3735
83.700,1.3845,-1.0242,-1.5045,FOLLOW,vermelho,1.3614,0.941,17,0.2000,0.3389
83.800,1.3862,-1.0444,-1.4681,FOLLOW,vermelho,1.3437,1.168,17,0.2000,0.4422
83.900,1.3887,-1.0646,-1.4259,FOLLOW,vermelho,1.3258,1.168,17,0.2000,-0.0427
84.000,1.3908,-1.0780,-1.4068,FOLLOW,vermelho,1.3136,1.308,17,0.2000,0.1109
84.100,1.3940,-1.0981,-1.4080,FOLLOW,vermelho,1.2954,1.308,17,0.2000,0.1202
84.200,1.3974,-1.1182,-1.3988,FOLLOW,vermelho,1.2771,1.254,16,0.2000,0.1139
84.300,1.4010,-1.1383,-1.3866,FOLLOW,vermelho,1.2588,1.254,16,0.2000,0.2531
84.400,1.4049,-1.1583,-1.3676,FOLLOW,vermelho,1.2404,1.223,16,0.2000,0.2390
84.500,1.4092,-1.1782,-1.3426,FOLLOW,vermelho,1.2220,1.223,15,0.2000,0.2154
84.600,1.4141,-1.1979,-1.3182,FOLLOW,vermelho,1.2033,1.160,15,0.2000,0.3069
84.700,1.4194,-1.2176,-1.2901,FOLLOW,vermelho,1.1846,1.160,15,0.2000,0.2817
84.800,1.4253,-1.2370,-1.2613,FOLLOW,vermelho,1.1656,1.096,14,0.2000,0.2547
84.900,1.4318,-1.2563,-1.2328,FOLLOW,vermelho,1.1465,1.096,14,0.2000,0.2275
85.000,1.4388,-1.2754,-1.2089,FOLLOW,vermelho,1.1272,1.065,14,0.2000,0.2914
85.100,1.4462,-1.2944,-1.1813,FOLLOW,vermelho,1.1079,1.065,13,0.2000,0.2665
85.200,1.4542,-1.3131,-1.1537,FOLLOW,vermelho,1.0884,1.021,13,0.2000,0.2411
85.300,1.4627,-1.3316,-1.1281,FOLLOW,vermelho,1.0687,1.021,13,0.2000,0.2755
85.400,1.4717,-1.3499,-1.1010,FOLLOW,vermelho,1.0490,0.976,12,0.2000,0.2499
85.500,1.4811,-1.3679,-1.0749,FOLLOW,vermelho,1.0291,0.976,12,0.2000,0.2253
85.600,1.4910,-1.3857,-1.0510,FOLLOW,vermelho,1.0092,0.943,12,0.2000,0.2034
85.700,1.4978,-1.3974,-1.0360,FOLLOW,vermelho,0.9958,0.943,11,0.2000,0.2265
85.800,1.5084,-1.4148,-1.0152,FOLLOW,vermelho,0.9758,0.900,11,0.2000,0.2080
85.900,1.5193,-1.4320,-0.9932,FOLLOW,vermelho,0.9557,0.900,11,0.2000,0.1872
86.000,1.5306,-1.4489,-0.9732,FOLLOW,vermelho,0.9355,0.865,10,0.2000,0.1905
86.100,1.5422,-1.4657,-0.9540,FOLLOW,vermelho,0.9153,0.865,10,0.2000,0.1720
86.200,1.5542,-1.4822,-0.9359,FOLLOW,vermelho,0.8950,0.807,10,0.2000,0.1546
86.300,1.5664,-1.4985,-0.9195,FOLLOW,vermelho,0.8747,0.807,9,0.2000,0.1394
86.400,1.5789,-1.5146,-0.9040,FOLLOW,vermelho,0.8544,0.775,9,0.2000,0.1355
86.500,1.5916,-1.5305,-0.8902,FOLLOW,vermelho,0.8340,0.775,9,0.2000,0.1225
86.600,1.6045,-1.5462,-0.8774,FOLLOW,vermelho,0.8137,0.746,8,0.2000,0.1105
86.700,1.6176,-1.5618,-0.8651,FOLLOW,vermelho,0.7933,0.746,8,0.2000,0.1029
86.800,1.6309,-1.5773,-0.8545,FOLLOW,vermelho,0.7730,0.710,8,0.2000,0.0925
86.900,1.6444,-1.5926,-0.8447,FOLLOW,vermelho,0.7526,0.710,7,0.2000,0.0832
87.000,1.6580,-1.6078,-0.8354,FOLLOW,vermelho,0.7322,0.644,7,0.2000,0.0743
87.100,1.6717,-1.6228,-0.8277,FOLLOW,vermelho,0.7118,0.644,7,0.2000,0.0668
87.200,1.6856,-1.6378,-0.8207,FOLLOW,vermelho,0.6914,0.627,6,0.2000,0.0599
87.300,1.6995,-1.6527,-0.8143,FOLLOW,vermelho,0.6710,0.627,6,0.2000,0.0539
87.400,1.7089,-1.6625,-0.8103,FOLLOW,vermelho,0.6574,0.586,6,0.2000,0.0502
87.500,1.7230,-1.6773,-0.8052,FOLLOW,vermelho,0.6371,0.586,5,0.2000,0.0459
87.600,1.7371,-1.6919,-0.8001,FOLLOW,vermelho,0.6167,0.539,5,0.2000,0.0416
87.700,1.7514,-1.7065,-0.7958,APPROACH,vermelho,0.5963,0.539,5,0.0800,-0.0641
87.800,1.7632,-1.7186,-0.7806,APPROACH,vermelho,0.5794,0.497,5,0.0800,-0.0891
87.900,1.7696,-1.7248,-0.7799,APPROACH,vermelho,0.5705,0.497,5,0.0800,-0.0916
88.000,1.7754,-1.7306,-0.7879,APPROACH,vermelho,0.5623,0.468,5,0.0800,-0.0808
88.100,1.7812,-1.7364,-0.7967,APPROACH,vermelho,0.5542,0.468,5,0.0800,-0.0688
88.200,1.7868,-1.7423,-0.8044,APPROACH,vermelho,0.5460,0.470,5,0.0800,-0.0581
88.300,1.7925,-1.7482,-0.8108,APPROACH,vermelho,0.5378,0.470,5,0.0800,-0.0493
88.400,1.7981,-1.7541,-0.8161,APPROACH,vermelho,0.5297,0.440,5,0.0800,-0.0420
88.500,1.8037,-1.7601,-0.8207,APPROACH,vermelho,0.5215,0.440,5,0.0800,-0.0358
88.600,1.8092,-1.7661,-0.8245,APPROACH,vermelho,0.5133,0.434,5,0.0800,-0.0306
88.700,1.8148,-1.7721,-0.8278,APPROACH,vermelho,0.5052,0.434,5,0.0800,-0.0261
88.800,1.8203,-1.7781,-0.8306,APPROACH,vermelho,0.4970,0.417,5,0.0800,-0.0223
88.900,1.8258,-1.7841,-0.8330,APPROACH,vermelho,0.4888,0.417,5,0.0800,-0.0190
89.000,1.8313,-1.7902,-0.8351,APPROACH,vermelho,0.4807,0.385,5,0.0800,-0.0162
89.100,1.8349,-1.7942,-0.8363,APPROACH,vermelho,0.4752,0.385,5,0.0800,-0.0146
89.200,1.8404,-1.8003,-0.8378,APPROACH,vermelho,0.4671,0.383,5,0.0800,-0.0125
89.300,1.8459,-1.8064,-0.8392,APPROACH,vermelho,0.4589,0.383,5,0.0800,-0.0107
89.400,1.8513,-1.8124,-0.8403,APPROACH,vermelho,0.4507,0.358,5,0.0800,-0.0092
89.500,1.8567,-1.8185,-0.8413,APPROACH,vermelho,0.4426,0.358,5,0.0800,-0.0078
89.600,1.8622,-1.8246,-0.8422,APPROACH,vermelho,0.4344,0.350,5,0.0800,-0.0067
89.700,1.8676,-1.8307,-0.8429,APPROACH,vermelho,0.4263,0.350,5,0.0800,-0.0057
89.800,1.8730,-1.8368,-0.8435,APPROACH,vermelho,0.4181,0.331,5,0.0800,-0.0049
89.900,1.8785,-1.8429,-0.8440,APPROACH,vermelho,0.4099,0.331,5,0.0800,-0.0042
90.000,1.8839,-1.8490,-0.8445,APPROACH,vermelho,0.4018,0.323,5,0.0800,-0.0036
90.100,1.8893,-1.8551,-0.8449,APPROACH,vermelho,0.3936,0.323,5,0.0800,-0.0031
90.200,1.8947,-1.8612,-0.8452,APPROACH,vermelho,0.3855,0.296,5,0.0800,-0.0026
90.300,1.9001,-1.8673,-0.8455,APPROACH,vermelho,0.3773,0.296,5,0.0800,-0.0023
90.400,1.9056,-1.8734,-0.8457,APPROACH,vermelho,0.3691,0.282,5,0.0800,-0.0019
90.500,1.9110,-1.8795,-0.8459,APPROACH,vermelho,0.3610,0.282,5,0.0800,-0.0017
90.600,1.9164,-1.8856,-0.8461,APPROACH,vermelho,0.3528,0.270,5,0.0800,-0.0014
90.700,1.9218,-1.8917,-0.8463,WAITING,vermelho,0.3447,0.270,5,0.0000,0.0000
90.800,1.9247,-1.8950,-0.8472,WAITING,vermelho,0.3402,0.256,5,0.0000,0.0000
90.900,1.9251,-1.8954,-0.8491,WAITING,vermelho,0.3397,0.256,5,0.0000,0.0000
91.000,1.9251,-1.8954,-0.8496,WAITING,vermelho,0.3397,0.244,5,0.0000,0.0000
91.100,1.9251,-1.8954,-0.8496,WAITING,vermelho,0.3397,0.244,5,0.0000,0.0000
91.200,1.9251,-1.8954,-0.8495,WAITING,vermelho,0.3397,0.234,5,0.0000,0.0000
91.300,1.9251,-1.8954,-0.8494,WAITING,vermelho,0.3397,0.234,5,0.0000,0.0000
91.400,1.9251,-1.8954,-0.8494,WAITING,vermelho,0.3397,0.244,5,0.0000,0.0000
91.500,1.9251,-1.8954,-0.8495,WAITING,vermelho,0.3397,0.244,5,0.0000,0.0000
91.600,1.9251,-1.8954,-0.8495,WAITING,vermelho,0.3397,0.250,5,0.0000,0.0000
91.700,1.9251,-1.8954,-0.8495,WAITING,vermelho,0.3397,0.250,5,0.0000,0.0000
91.800,1.9251,-1.8954,-0.8495,WAITING,vermelho,0.3397,0.247,5,0.0000,0.0000
91.900,1.9251,-1.8954,-0.8495,WAITING,vermelho,0.3397,0.247,5,0.0000,0.0000
92.000,1.9251,-1.8954,-0.8495,WAITING,vermelho,0.3397,0.252,5,0.0000,0.0000
92.100,1.9251,-1.8954,-0.8495,WAITING,vermelho,0.3397,0.252,5,0.0000,0.0000
92.200,1.9251,-1.8954,-0.8495,WAITING,vermelho,0.3397,0.242,5,0.0000,0.0000
92.300,1.9251,-1.8954,-0.8495,WAITING,vermelho,0.3397,0.242,5,0.0000,0.0000
92.400,1.9251,-1.8954,-0.8495,WAITING,vermelho,0.3397,0.252,5,0.0000,0.0000
92.500,1.9251,-1.8954,-0.8495,WAITING,vermelho,0.3397,0.252,5,0.0000,0.0000
92.600,1.9251,-1.8954,-0.8495,WAITING,vermelho,0.3397,0.248,5,0.0000,0.0000
92.700,1.9251,-1.8954,-0.8495,PLAN,vermelho,0.3397,0.248,0,0.0000,0.0000
92.800,1.9251,-1.8954,-0.8495,FOLLOW,home,5.5300,0.243,103,0.0000,-1.0000
92.900,1.9251,-1.8955,-0.8573,FOLLOW,home,5.5300,0.243,103,0.0000,-1.0000
93.000,1.9252,-1.8956,-0.9617,FOLLOW,home,5.5302,0.255,103,0.0000,-1.0000
93.100,1.9253,-1.8958,-1.0626,FOLLOW,home,5.5304,0.255,103,0.0000,-1.0000
93.200,1.9254,-1.8959,-1.1634,FOLLOW,home,5.5306,0.247,104,0.0000,-1.0000
93.300,1.9255,-1.8961,-1.2650,FOLLOW,home,5.5307,0.247,104,0.0000,-1.0000
93.400,1.9255,-1.8963,-1.3669,FOLLOW,home,5.5309,0.237,104,0.0000,-1.0000
93.500,1.9256,-1.8965,-1.4688,FOLLOW,home,5.5311,0.237,104,0.0000,-1.0000
93.600,1.9256,-1.8966,-1.5707,FOLLOW,home,5.5312,0.291,104,0.0000,-1.0000
93.700,1.9256,-1.8968,-1.6725,FOLLOW,home,5.5313,0.291,104,0.0000,-1.0000
93.800,1.9256,-1.8970,-1.7743,FOLLOW,home,5.5315,0.454,104,0.0000,-1.0000
93.900,1.9256,-1.8972,-1.8762,FOLLOW,home,5.5316,0.454,104,0.0000,-1.0000
94.000,1.9255,-1.8974,-1.9780,FOLLOW,home,5.5317,0.466,104,0.0000,-1.0000
94.100,1.9254,-1.8976,-2.0799,FOLLOW,home,5.5317,0.466,104,0.0000,-1.0000
94.200,1.9254,-1.8977,-2.1478,FOLLOW,home,5.5318,0.488,104,0.0000,-1.0000
94.300,1.9253,-1.8979,-2.2496,FOLLOW,home,5.5318,0.488,104,0.0000,-1.0000
94.400,1.9252,-1.8980,-2.3514,FOLLOW,home,5.5318,0.504,104,0.0000,-1.0000
94.500,1.9250,-1.8981,-2.4533,FOLLOW,home,5.5319,0.504,104,0.0000,-1.0000
94.600,1.9249,-1.8983,-2.5551,FOLLOW,home,5.5318,0.552,104,0.0000,-1.0000
94.700,1.9247,-1.8984,-2.6569,FOLLOW,home,5.5318,0.552,104,0.0000,-1.0000
94.800,1.9246,-1.8985,-2.7588,FOLLOW,home,5.5318,0.645,104,0.0000,-1.0000
94.900,1.9244,-1.8986,-2.8606,FOLLOW,home,5.5317,0.645,104,0.0000,-1.0000
95.000,1.9242,-1.8986,-2.9624,FOLLOW,home,5.5316,0.802,104,0.0000,-1.0000
95.100,1.9240,-1.8987,-3.0643,FOLLOW,home,5.5315,0.802,104,0.0000,-1.0000
95.200,1.9238,-1.8987,3.1171,FOLLOW,home,5.5314,0.868,104,0.0000,-1.0000
95.300,1.9236,-1.8987,3.0153,FOLLOW,home,5.5312,0.868,104,0.2000,-1.0000
95.400,1.9200,-1.8980,2.9126,FOLLOW,home,5.5282,0.873,104,0.2000,-0.9154
95.500,1.9066,-1.8940,2.8098,FOLLOW,home,5.5158,0.873,104,0.2000,-0.7924
95.600,1.8875,-1.8865,2.7249,FOLLOW,home,5.4970,0.847,104,0.2000,-0.5501
95.700,1.8691,-1.8775,2.6599,FOLLOW,home,5.4776,0.847,104,0.2000,-0.4810
95.800,1.8512,-1.8675,2.6072,FOLLOW,home,5.4579,0.814,104,0.2000,-0.4287
95.900,1.8395,-1.8604,2.5764,FOLLOW,home,5.4447,0.814,104,0.2000,-0.2430
96.000,1.8225,-1.8491,2.5347,FOLLOW,home,5.4246,0.779,104,0.2000,-0.1934
96.100,1.8058,-1.8372,2.5148,FOLLOW,home,5.4045,0.779,104,0.2000,-0.1750
96.200,1.7894,-1.8250,2.4957,FOLLOW,home,5.3843,0.770,103,0.2000,-0.1675
96.300,1.7732,-1.8126,2.4776,FOLLOW,home,5.3640,0.770,103,0.2000,-0.1494
96.400,1.7572,-1.7999,2.4618,FOLLOW,home,5.3437,0.742,103,0.2000,-0.1345
96.500,1.7414,-1.7869,2.4477,FOLLOW,home,5.3234,0.742,102,0.2000,-0.1216
96.600,1.7257,-1.7737,2.4342,FOLLOW,home,5.3030,0.734,102,0.2000,-0.1109
96.700,1.7103,-1.7604,2.4227,FOLLOW,home,5.2827,0.734,102,0.2000,-0.1000
96.800,1.6950,-1.7469,2.4121,FOLLOW,home,5.2623,0.696,101,0.2000,-0.0902
96.900,1.6799,-1.7332,2.4021,FOLLOW,home,5.2419,0.696,101,0.2000,-0.0785
97.000,1.6648,-1.7194,2.3938,FOLLOW,home,5.2216,0.671,101,0.2000,-0.0704
97.100,1.6499,-1.7054,2.3864,FOLLOW,home,5.2012,0.671,101,0.2000,0.0866
97.200,1.6351,-1.6913,2.3749,FOLLOW,home,5.1807,0.640,101,0.2000,0.1094
97.300,1.6203,-1.6773,2.3893,FOLLOW,home,5.1604,0.640,101,0.2000,0.0940
97.400,1.6054,-1.6635,2.4003,FOLLOW,home,5.1400,0.611,100,0.2000,-0.0921
97.500,1.5953,-1.6543,2.4025,FOLLOW,home,5.1264,0.611,100,0.2000,-0.0995
97.600,1.5803,-1.6405,2.3909,FOLLOW,home,5.1060,0.570,100,0.2000,-0.2426
97.700,1.5655,-1.6264,2.3697,FOLLOW,home,5.0856,0.570,99,0.2000,-0.2257
97.800,1.5510,-1.6120,2.3462,FOLLOW,home,5.0652,0.559,99,0.2000,-0.3378
97.900,1.5369,-1.5972,2.3156,FOLLOW,home,5.0447,0.559,99,0.2000,-0.3123
98.000,1.5233,-1.5819,2.2835,FOLLOW,home,5.0243,0.539,98,0.2000,-0.3939
98.100,1.5101,-1.5662,2.2498,FOLLOW,home,5.0039,0.539,98,0.2000,-0.3667
98.200,1.4976,-1.5500,2.2106,FOLLOW,home,4.9836,0.529,98,0.2000,-0.3305
98.300,1.4857,-1.5334,2.1752,FOLLOW,home,4.9633,0.529,97,0.2000,-0.3896
98.400,1.4744,-1.5163,2.1403,FOLLOW,home,4.9433,0.509,97,0.2000,-0.3612
98.500,1.4637,-1.4989,2.1020,FOLLOW,home,4.9233,0.509,97,0.2000,-0.3961
98.600,1.4536,-1.4810,2.0625,FOLLOW,home,4.9036,0.501,96,0.2000,-0.3604
98.700,1.4443,-1.4628,2.0231,FOLLOW,home,4.8841,0.501,96,0.2000,-0.3749
98.800,1.4357,-1.4442,1.9858,FOLLOW,home,4.8648,0.549,96,0.2000,-0.3407
98.900,1.4278,-1.4254,1.9501,FOLLOW,home,4.8459,0.549,95,0.2000,-0.3081
99.000,1.4205,-1.4062,1.9174,FOLLOW,home,4.8272,0.539,95,0.2000,-0.3151
99.100,1.4139,-1.3869,1.8854,FOLLOW,home,4.8089,0.539,95,0.2000,-0.2859
99.200,1.4098,-1.3739,1.8648,FOLLOW,home,4.7968,0.550,94,0.2000,-0.2672
99.300,1.4041,-1.3542,1.8362,FOLLOW,home,4.7790,0.550,94,0.2000,-0.2659
99.400,1.3990,-1.3344,1.8094,FOLLOW,home,4.7615,0.599,94,0.2000,-0.2418
99.500,1.3944,-1.3145,1.7840,FOLLOW,home,4.7443,0.599,93,0.2000,-0.2341
99.600,1.3903,-1.2944,1.7594,FOLLOW,home,4.7274,0.624,93,0.2000,-0.2109
99.700,1.3867,-1.2743,1.7373,FOLLOW,home,4.7108,0.624,93,0.2000,-0.1993
99.800,1.3836,-1.2541,1.7165,FOLLOW,home,4.6945,0.629,92,0.2000,-0.1795
99.900,1.3808,-1.2339,1.6965,FOLLOW,home,4.6784,0.629,92,0.2000,-0.1605
100.000,1.3784,-1.2136,1.6798,FOLLOW,home,4.6627,0.674,92,0.2000,-0.1484
100.100,1.3763,-1.1933,1.6643,FOLLOW,home,4.6472,0.674,90,0.2000,-0.1339
100.200,1.3746,-1.1729,1.6494,FOLLOW,home,4.6320,0.715,90,0.2000,-0.1197
100.300,1.3731,-1.1525,1.6369,FOLLOW,home,4.6170,0.715,90,0.2000,-0.1078
100.400,1.3719,-1.1322,1.6256,FOLLOW,home,4.6022,1.383,89,0.2000,-0.0974
100.500,1.3709,-1.1118,1.6153,FOLLOW,home,4.5876,1.383,89,0.2000,-0.0851
100.600,1.3701,-1.0914,1.6062,FOLLOW,home,4.5732,1.353,89,0.2000,-0.0764
100.700,1.3694,-1.0710,1.5981,FOLLOW,home,4.5589,1.353,88,0.2000,-0.0650
100.800,1.3690,-1.0506,1.5910,FOLLOW,home,4.5449,1.312,88,0.2000,-0.0582
100.900,1.3686,-1.0301,1.5849,FOLLOW,home,4.5309,1.312,88,0.2000,-0.0525
101.000,1.3684,-1.0165,1.5810,FOLLOW,home,4.5217,1.270,87,0.2000,-0.0442
101.100,1.3683,-0.9961,1.5759,FOLLOW,home,4.5080,1.270,87,0.2000,-0.0391
101.200,1.3682,-0.9757,1.5719,FOLLOW,home,4.4944,1.218,87,0.2000,-0.0354
101.300,1.3682,-0.9553,1.5681,FOLLOW,home,4.4809,1.218,86,0.2000,-0.0267
101.400,1.3683,-0.9349,1.5647,FOLLOW,home,4.4676,1.189,86,0.2000,-0.0231
101.500,1.3685,-0.9145,1.5623,FOLLOW,home,4.4543,1.189,86,0.2000,-0.0161
101.600,1.3687,-0.8941,1.5605,FOLLOW,home,4.4411,1.146,84,0.2000,-0.0142
101.700,1.3689,-0.8737,1.5588,FOLLOW,home,4.4280,1.146,84,0.2000,-0.0083
101.800,1.3692,-0.8533,1.5578,FOLLOW,home,4.4150,1.103,84,0.2000,-0.0072
101.900,1.3694,-0.8329,1.5570,FOLLOW,home,4.4021,1.103,83,0.2000,-0.0065
102.000,1.3697,-0.8125,1.5563,FOLLOW,home,4.3892,1.076,83,0.2000,-0.0017
102.100,1.3700,-0.7921,1.5560,FOLLOW,home,4.3764,1.076,83,0.2000,-0.0014
102.200,1.3703,-0.7717,1.5558,FOLLOW,home,4.3636,1.050,82,0.2000,0.2174
102.300,1.3706,-0.7513,1.5552,FOLLOW,home,4.3510,1.050,82,0.2000,0.2318
102.400,1.3708,-0.7309,1.5794,FOLLOW,home,4.3382,1.001,82,0.2000,0.2097
102.500,1.3704,-0.7106,1.6002,FOLLOW,home,4.3251,1.001,81,0.2000,0.1576
102.600,1.3696,-0.6902,1.6174,FOLLOW,home,4.3118,0.960,81,0.2000,0.1409
102.700,1.3689,-0.6767,1.6281,FOLLOW,home,4.3028,0.960,81,0.2000,0.1308
102.800,1.3676,-0.6563,1.6414,FOLLOW,home,4.2892,0.935,80,0.2000,0.3028
102.900,1.3660,-0.6360,1.6594,FOLLOW,home,4.2754,0.935,80,0.2000,0.2941
103.000,1.3638,-0.6158,1.6920,FOLLOW,home,4.2612,0.895,80,0.2000,0.2629
103.100,1.3611,-0.5957,1.7214,FOLLOW,home,4.2467,0.895,78,0.2000,0.3760
103.200,1.3577,-0.5756,1.7506,FOLLOW,home,4.2318,0.837,78,0.2000,0.3540
103.300,1.3537,-0.5557,1.7884,FOLLOW,home,4.2165,0.837,78,0.2000,0.3185
103.400,1.3490,-0.5359,1.8225,FOLLOW,home,4.2008,0.801,76,0.2000,0.5046
103.500,1.3436,-0.5163,1.8598,FOLLOW,home,4.1847,0.801,76,0.2000,0.5322
103.600,1.3372,-0.4970,1.9153,FOLLOW,home,4.1680,0.757,76,0.2000,0.4771
103.700,1.3299,-0.4781,1.9669,FOLLOW,home,4.1508,0.757,75,0.2000,0.4265
103.800,1.3216,-0.4596,2.0151,FOLLOW,home,4.1331,0.736,75,0.2000,0.3799
103.900,1.3125,-0.4414,2.0546,FOLLOW,home,4.1150,0.736,75,0.2000,0.5222
104.000,1.3026,-0.4236,2.1133,FOLLOW,home,4.0965,0.687,75,0.2000,0.4663
104.100,1.2918,-0.4065,2.1613,FOLLOW,home,4.0776,0.687,75,0.2000,0.5743
104.200,1.2800,-0.3899,2.2154,FOLLOW,home,4.0584,0.658,75,0.2000,0.5283
104.300,1.2674,-0.3741,2.2704,FOLLOW,home,4.0388,0.658,73,0.2000,0.4102
104.400,1.2585,-0.3639,2.3054,FOLLOW,home,4.0256,0.626,73,0.2000,0.3729
104.500,1.2446,-0.3490,2.3429,FOLLOW,home,4.0057,0.626,73,0.2000,0.3383
104.600,1.2302,-0.3347,2.3781,FOLLOW,home,3.9856,0.609,71,0.2000,0.3064
104.700,1.2152,-0.3209,2.4121,FOLLOW,home,3.9654,0.609,71,0.2000,0.3955
104.800,1.1999,-0.3076,2.4492,FOLLOW,home,3.9451,0.599,71,0.2000,0.3644
104.900,1.1840,-0.2949,2.4866,FOLLOW,home,3.9248,0.599,71,0.2000,0.4271
105.000,1.1676,-0.2828,2.5252,FOLLOW,home,3.9045,0.599,71,0.2000,0.3949
105.100,1.1508,-0.2715,2.5673,FOLLOW,home,3.8842,0.599,71,0.2000,0.6490
105.200,1.1335,-0.2609,2.6332,FOLLOW,home,3.8640,0.588,69,0.2000,0.5888
105.300,1.1155,-0.2516,2.6944,FOLLOW,home,3.8439,0.588,69,0.2000,0.5540
105.400,1.0969,-0.2433,2.7512,FOLLOW,home,3.8241,0.644,69,0.2000,0.5003
105.500,1.0779,-0.2361,2.8045,FOLLOW,home,3.8045,0.644,69,0.2000,0.4506
105.600,1.0586,-0.2299,2.8551,FOLLOW,home,3.7852,2.387,69,0.2000,0.6313
105.700,1.0390,-0.2247,2.9243,FOLLOW,home,3.7663,2.387,69,0.2000,0.5641
105.800,1.0191,-0.2209,2.9791,FOLLOW,home,3.7480,2.324,68,0.2000,0.2618
105.900,0.9990,-0.2181,3.0196,FOLLOW,home,3.7301,2.324,68,0.2000,0.2150
106.000,0.9787,-0.2159,3.0441,FOLLOW,home,3.7125,1.453,68,0.2000,0.1913
106.100,0.9652,-0.2146,3.0575,FOLLOW,home,3.7010,1.453,66,0.2000,-0.0478
106.200,0.9449,-0.2131,3.0750,FOLLOW,home,3.6838,1.450,66,0.2000,-0.0780
106.300,0.9245,-0.2117,3.0662,FOLLOW,home,3.6667,1.450,66,0.2000,-0.0697
106.400,0.9042,-0.2101,3.0594,FOLLOW,home,3.6495,1.412,65,0.2000,-0.2561
106.500,0.8838,-0.2083,3.0496,FOLLOW,home,3.6323,1.412,65,0.2000,-0.2574
106.600,0.8635,-0.2062,3.0216,FOLLOW,home,3.6148,1.359,65,0.2000,-0.3745
106.700,0.8432,-0.2034,2.9865,FOLLOW,home,3.5971,1.359,64,0.2000,-0.3427
106.800,0.8231,-0.1999,2.9497,FOLLOW,home,3.5790,2.150,64,0.2000,-0.3073
106.900,0.8031,-0.1956,2.9176,FOLLOW,home,3.5606,2.150,64,0.2000,-0.2781
107.000,0.7832,-0.1908,2.8881,FOLLOW,home,3.5420,2.122,63,0.2000,-0.3601
107.100,0.7634,-0.1854,2.8581,FOLLOW,home,3.5232,2.122,63,0.2000,-0.3360
107.200,0.7439,-0.1793,2.8222,FOLLOW,home,3.5041,2.051,63,0.2000,-0.3024
107.300,0.7246,-0.1726,2.7899,FOLLOW,home,3.4848,2.051,62,0.2000,-0.3470
107.400,0.7055,-0.1652,2.7558,FOLLOW,home,3.4652,2.021,62,0.2000,-0.3153
107.500,0.6867,-0.1572,2.7231,FOLLOW,home,3.4455,2.021,62,0.2000,-0.2847
107.600,0.6681,-0.1486,2.6929,FOLLOW,home,3.4257,1.984,61,0.2000,-0.3046
107.700,0.6498,-0.1395,2.6623,FOLLOW,home,3.4057,1.984,61,0.2000,-0.2752
107.800,0.6378,-0.1331,2.6425,FOLLOW,home,3.3923,1.951,61,0.2000,-0.2560
107.900,0.6199,-0.1231,2.6160,FOLLOW,home,3.3722,1.951,60,0.2000,-0.2316
108.000,0.6024,-0.1126,2.5904,FOLLOW,home,3.3519,1.913,60,0.2000,-0.2355
108.100,0.5851,-0.1017,2.5668,FOLLOW,home,3.3316,1.913,60,0.2000,-0.2131
108.200,0.5681,-0.0904,2.5445,FOLLOW,home,3.3113,1.882,59,0.2000,-0.1919
108.300,0.5513,-0.0787,2.5230,FOLLOW,home,3.2909,1.882,59,0.2000,-0.1715
108.400,0.5347,-0.0667,2.5051,FOLLOW,home,3.2705,1.826,59,0.2000,-0.1694
108.500,0.5184,-0.0544,2.4878,FOLLOW,home,3.2501,1.826,58,0.2000,-0.1530
108.600,0.5023,-0.0418,2.4709,FOLLOW,home,3.2296,1.795,58,0.2000,-0.1367
108.700,0.4864,-0.0290,2.4566,FOLLOW,home,3.2092,1.795,58,0.2000,-0.1292
108.800,0.4707,-0.0160,2.4432,FOLLOW,home,3.1888,1.746,57,0.2000,-0.1161
108.900,0.4551,-0.0028,2.4302,FOLLOW,home,3.1684,1.746,57,0.2000,-0.1034
109.000,0.4397,0.0107,2.4195,FOLLOW,home,3.1480,1.708,57,0.2000,-0.0936
109.100,0.4245,0.0242,2.4096,FOLLOW,home,3.1276,1.708,56,0.2000,-0.0840
109.200,0.4093,0.0380,2.4007,FOLLOW,home,3.1072,1.698,56,0.2000,-0.0754
109.300,0.3943,0.0518,2.3927,FOLLOW,home,3.0868,1.698,56,0.2000,-0.0679
109.400,0.3844,0.0611,2.3877,FOLLOW,home,3.0732,1.673,55,0.2000,-0.0603
109.500,0.3695,0.0751,2.3809,FOLLOW,home,3.0529,1.673,55,0.2000,-0.0533
109.600,0.3548,0.0892,2.3753,FOLLOW,home,3.0325,1.640,55,0.2000,-0.0479
109.700,0.3401,0.1034,2.3702,FOLLOW,home,3.0122,1.640,54,0.2000,-0.0431
109.800,0.3255,0.1177,2.3653,FOLLOW,home,2.9919,1.622,54,0.2000,-0.0337
109.900,0.3110,0.1320,2.3617,FOLLOW,home,2.9716,1.622,54,0.2000,-0.0301
110.000,0.2965,0.1464,2.3585,FOLLOW,home,2.9513,1.605,54,0.2000,0.1250
110.100,0.2821,0.1608,2.3544,FOLLOW,home,2.9310,1.605,54,0.2000,0.1388
110.200,0.2676,0.1752,2.3686,FOLLOW,home,2.9107,1.568,54,0.2000,0.1260
110.300,0.2530,0.1893,2.3806,FOLLOW,home,2.8904,1.568,53,0.2000,-0.0616
110.400,0.2381,0.2033,2.3895,FOLLOW,home,2.8701,1.533,53,0.2000,-0.0795
110.500,0.2233,0.2173,2.3799,FOLLOW,home,2.8497,1.533,53,0.2000,-0.0633
110.600,0.2086,0.2315,2.3723,FOLLOW,home,2.8294,1.496,52,0.2000,-0.0553
110.700,0.1940,0.2457,2.3659,FOLLOW,home,2.8091,1.496,52,0.2000,-0.0490
110.800,0.1794,0.2601,2.3609,FOLLOW,home,2.7888,1.465,52,0.2000,-0.0374
110.900,0.1650,0.2745,2.3568,FOLLOW,home,2.7685,1.465,51,0.2000,-0.0332
111.000,0.1506,0.2889,2.3532,FOLLOW,home,2.7482,1.450,51,0.2000,-0.0298
111.100,0.1362,0.3034,2.3501,FOLLOW,home,2.7280,1.450,51,0.2000,-0.0269
111.200,0.1266,0.3131,2.3481,FOLLOW,home,2.7145,1.416,50,0.2000,-0.0179
111.300,0.1124,0.3276,2.3456,FOLLOW,home,2.6942,1.416,50,0.2000,-0.0150
111.400,0.0981,0.3422,2.3441,FOLLOW,home,2.6740,1.384,50,0.2000,-0.0136
111.500,0.0839,0.3568,2.3426,FOLLOW,home,2.6538,1.384,49,0.2000,-0.0124
111.600,0.0696,0.3715,2.3413,FOLLOW,home,2.6335,1.359,49,0.2000,-0.0044
111.700,0.0554,0.3861,2.3406,FOLLOW,home,2.6133,1.359,49,0.2000,-0.0036
111.800,0.0412,0.4008,2.3401,FOLLOW,home,2.5931,1.339,48,0.2000,-0.0031
111.900,0.0270,0.4154,2.3398,FOLLOW,home,2.5729,1.339,48,0.2000,0.0025
112.000,0.0129,0.4301,2.3399,FOLLOW,home,2.5527,1.306,48,0.2000,0.0026
112.100,-0.0013,0.4447,2.3401,FOLLOW,home,2.5325,1.306,48,0.2000,0.1530
112.200,-0.0155,0.4594,2.3419,FOLLOW,home,2.5123,1.261,48,0.2000,0.1595
112.300,-0.0298,0.4739,2.3593,FOLLOW,home,2.4921,1.261,48,0.2000,0.1429
112.400,-0.0444,0.4881,2.3744,FOLLOW,home,2.4719,1.221,47,0.2000,-0.0474
112.500,-0.0591,0.5022,2.3728,FOLLOW,home,2.4516,1.221,47,0.2000,-0.0485
112.600,-0.0738,0.5165,2.3699,FOLLOW,home,2.4313,1.185,47,0.2000,-0.0421
112.700,-0.0884,0.5307,2.3653,FOLLOW,home,2.4110,1.185,46,0.2000,-0.0374
112.800,-0.1029,0.5451,2.3609,FOLLOW,home,2.3908,1.161,46,0.2000,-0.0330
112.900,-0.1125,0.5547,2.3583,FOLLOW,home,2.3773,1.161,46,0.2000,-0.0304
113.000,-0.1270,0.5691,2.3552,FOLLOW,home,2.3571,1.135,45,0.2000,-0.0221
113.100,-0.1414,0.5835,2.3523,FOLLOW,home,2.3369,1.135,45,0.2000,-0.0189
113.200,-0.1557,0.5980,2.3503,FOLLOW,home,2.3166,1.115,45,0.2000,-0.0171
113.300,-0.1701,0.6126,2.3486,FOLLOW,home,2.2964,1.115,44,0.2000,-0.0103
113.400,-0.1844,0.6271,2.3469,FOLLOW,home,2.2763,1.069,44,0.2000,-0.0084
113.500,-0.1986,0.6417,2.3461,FOLLOW,home,2.2561,1.069,44,0.2000,-0.0076
113.600,-0.2129,0.6562,2.3453,FOLLOW,home,2.2359,1.050,43,0.2000,-0.0069
113.700,-0.2272,0.6708,2.3446,FOLLOW,home,2.2157,1.050,43,0.2000,-0.0015
113.800,-0.2414,0.6854,2.3442,FOLLOW,home,2.1956,1.007,43,0.2000,-0.0011
113.900,-0.2557,0.7000,2.3441,FOLLOW,home,2.1754,1.007,42,0.2000,-0.0009
114.000,-0.2699,0.7146,2.3440,FOLLOW,home,2.1553,0.982,42,0.2000,0.0029
114.100,-0.2842,0.7292,2.3442,FOLLOW,home,2.1352,0.982,42,0.2000,0.0028
114.200,-0.2984,0.7438,2.3444,FOLLOW,home,2.1150,0.949,42,0.2000,0.0025
114.300,-0.3127,0.7584,2.3447,FOLLOW,home,2.0949,0.949,42,0.2000,0.0023
114.400,-0.3270,0.7730,2.3449,FOLLOW,home,2.0748,0.910,42,0.2000,0.0050
114.500,-0.3412,0.7876,2.3454,FOLLOW,home,2.0546,0.910,41,0.2000,0.0047
114.600,-0.3507,0.7973,2.3457,FOLLOW,home,2.0412,0.893,41,0.2000,0.0044
114.700,-0.3650,0.8119,2.3462,FOLLOW,home,2.0211,0.893,41,0.2000,0.0061
114.800,-0.3793,0.8264,2.3467,FOLLOW,home,2.0010,0.858,40,0.2000,0.0056
114.900,-0.3936,0.8410,2.3473,FOLLOW,home,1.9809,0.858,40,0.2000,0.0050
115.000,-0.4079,0.8555,2.3478,FOLLOW,home,1.9608,0.824,40,0.2000,0.0045
115.100,-0.4222,0.8701,2.3483,FOLLOW,home,1.9407,0.824,39,0.2000,0.0056
115.200,-0.4365,0.8846,2.3488,FOLLOW,home,1.9206,0.796,39,0.2000,0.0052
115.300,-0.4508,0.8991,2.3494,FOLLOW,home,1.9005,0.796,39,0.2000,0.0047
115.400,-0.4651,0.9137,2.3499,FOLLOW,home,1.8804,0.756,38,0.2000,0.0052
115.500,-0.4795,0.9282,2.3504,FOLLOW,home,1.8603,0.756,38,0.2000,0.0048
115.600,-0.4938,0.9427,2.3509,FOLLOW,home,1.8402,0.727,38,0.2000,0.0043
115.700,-0.5082,0.9572,2.3513,FOLLOW,home,1.8202,0.727,37,0.2000,0.0039
115.800,-0.5225,0.9717,2.3518,FOLLOW,home,1.8001,0.696,37,0.2000,0.0041
115.900,-0.5369,0.9862,2.3522,FOLLOW,home,1.7800,0.696,37,0.2000,0.0037
116.000,-0.5513,1.0006,2.3525,FOLLOW,home,1.7600,0.680,36,0.2000,0.0034
116.100,-0.5656,1.0151,2.3529,FOLLOW,home,1.7399,0.680,36,0.2000,0.0034
116.200,-0.5752,1.0248,2.3531,FOLLOW,home,1.7266,0.654,36,0.2000,0.0032
116.300,-0.5896,1.0392,2.3535,FOLLOW,home,1.7065,0.654,36,0.2000,0.0029
116.400,-0.6040,1.0537,2.3538,FOLLOW,home,1.6865,0.614,36,0.2000,0.0026
116.500,-0.6184,1.0681,2.3541,FOLLOW,home,1.6665,0.614,36,0.2000,-0.1588
116.600,-0.6327,1.0827,2.3377,FOLLOW,home,1.6465,0.586,35,0.2000,-0.1444
116.700,-0.6468,1.0975,2.3245,FOLLOW,home,1.6265,0.586,35,0.2000,-0.2745
116.800,-0.6607,1.1125,2.2951,FOLLOW,home,1.6067,0.542,35,0.2000,-0.2473
116.900,-0.6740,1.1280,2.2714,FOLLOW,home,1.5870,0.542,34,0.2000,-0.3454
117.000,-0.6870,1.1438,2.2442,FOLLOW,home,1.5675,0.522,34,0.2000,-0.3257
117.100,-0.6995,1.1601,2.2090,FOLLOW,home,1.5482,0.522,34,0.2000,-0.3883
117.200,-0.7114,1.1767,2.1708,FOLLOW,home,1.5292,0.532,33,0.2000,-0.3540
117.300,-0.7226,1.1938,2.1322,FOLLOW,home,1.5105,0.532,33,0.2000,-0.3923
117.400,-0.7332,1.2113,2.0939,FOLLOW,home,1.4922,0.516,33,0.2000,-0.3576
117.500,-0.7431,1.2293,2.0567,FOLLOW,home,1.4744,0.516,32,0.2000,-0.3235
117.600,-0.7523,1.2475,2.0223,FOLLOW,home,1.4570,0.535,32,0.2000,-0.3497
117.700,-0.7609,1.2661,1.9873,FOLLOW,home,1.4401,0.535,32,0.2000,-0.3181
117.800,-0.7689,1.2849,1.9541,FOLLOW,home,1.4237,1.105,31,0.2000,-0.1213
117.900,-0.7763,1.3040,1.9314,FOLLOW,home,1.4078,1.105,31,0.2000,-0.0934
118.000,-0.7811,1.3168,1.9246,FOLLOW,home,1.3974,1.062,31,0.2000,-0.0870
118.100,-0.7880,1.3359,1.9160,FOLLOW,home,1.3820,1.062,30,0.2000,-0.0796
118.200,-0.7949,1.3552,1.9072,FOLLOW,home,1.3668,1.025,30,0.2000,-0.1363
118.300,-0.8015,1.3745,1.8951,FOLLOW,home,1.3519,1.025,30,0.2000,-0.1267
118.400,-0.8079,1.3939,1.8822,FOLLOW,home,1.3373,0.991,29,0.2000,0.0428
118.500,-0.8140,1.4134,1.8710,FOLLOW,home,1.3231,0.991,29,0.2000,0.0628
118.600,-0.8201,1.4328,1.8782,FOLLOW,home,1.3091,0.952,29,0.2000,0.0558
118.700,-0.8263,1.4522,1.8841,FOLLOW,home,1.2952,0.952,27,0.2000,0.1774
118.800,-0.8327,1.4716,1.8919,FOLLOW,home,1.2813,0.911,27,0.2000,0.1763
118.900,-0.8393,1.4909,1.9112,FOLLOW,home,1.2674,0.911,27,0.2000,0.1577
119.000,-0.8463,1.5100,1.9284,FOLLOW,home,1.2535,0.879,26,0.2000,0.2378
119.100,-0.8535,1.5290,1.9460,FOLLOW,home,1.2394,0.879,26,0.2000,0.2247
119.200,-0.8612,1.5479,1.9701,FOLLOW,home,1.2252,0.841,26,0.2000,0.2016
119.300,-0.8694,1.5665,1.9918,FOLLOW,home,1.2109,0.841,24,0.2000,0.1816
119.400,-0.8779,1.5850,2.0121,FOLLOW,home,1.1964,0.814,24,0.2000,0.3697
119.500,-0.8867,1.6034,2.0328,FOLLOW,home,1.1818,0.814,24,0.2000,0.3872
119.600,-0.8929,1.6154,2.0625,FOLLOW,home,1.1720,0.769,24,0.2000,0.3567
119.700,-0.9029,1.6332,2.1007,FOLLOW,home,1.1569,0.769,24,0.2000,0.3197
119.800,-0.9134,1.6505,2.1336,FOLLOW,home,1.1414,0.734,24,0.2000,0.2896
119.900,-0.9245,1.6676,2.1641,FOLLOW,home,1.1257,0.734,22,0.2000,0.4287
120.000,-0.9362,1.6843,2.1978,FOLLOW,home,1.1097,0.721,22,0.2000,0.4048
120.100,-0.9485,1.7004,2.2417,FOLLOW,home,1.0934,0.721,22,0.2000,0.5051
120.200,-0.9615,1.7160,2.2913,FOLLOW,home,1.0767,0.697,21,0.2000,0.4612
120.300,-0.9752,1.7309,2.3416,FOLLOW,home,1.0595,0.697,21,0.2000,0.5281
120.400,-0.9897,1.7452,2.3927,FOLLOW,home,1.0419,0.698,21,0.2000,0.4827
120.500,-1.0049,1.7586,2.4428,FOLLOW,home,1.0239,0.698,19,0.2000,0.5250
120.600,-1.0208,1.7713,2.4932,FOLLOW,home,1.0056,0.707,19,0.2000,0.4797
120.700,-1.0373,1.7831,2.5441,FOLLOW,home,0.9868,0.707,19,0.2000,0.4326
120.800,-1.0544,1.7941,2.5901,FOLLOW,home,0.9678,0.727,19,0.2000,0.4567
120.900,-1.0719,1.8044,2.6360,FOLLOW,home,0.9485,0.727,19,0.2000,0.4151
121.000,-1.0899,1.8139,2.6794,FOLLOW,home,0.9290,0.748,19,0.2000,0.4226
121.100,-1.1082,1.8225,2.7224,FOLLOW,home,0.9092,0.748,17,0.2000,0.3826
121.200,-1.1270,1.8304,2.7626,FOLLOW,home,0.8893,0.792,17,0.2000,0.3458
121.300,-1.1460,1.8376,2.7992,FOLLOW,home,0.8693,0.792,17,0.2000,0.3437
121.400,-1.1588,1.8420,2.8227,FOLLOW,home,0.8559,0.829,16,0.2000,0.3223
121.500,-1.1782,1.8480,2.8572,FOLLOW,home,0.8357,0.829,16,0.2000,0.3102
121.600,-1.1978,1.8534,2.8890,FOLLOW,home,0.8154,0.882,16,0.2000,0.2802
121.700,-1.2176,1.8582,2.9185,FOLLOW,home,0.7951,0.882,16,0.2000,0.2528
121.800,-1.2375,1.8624,2.9468,FOLLOW,home,0.7748,0.932,16,0.2000,0.2365
121.900,-1.2575,1.8661,2.9710,FOLLOW,home,0.7544,0.932,16,0.2000,0.2140
122.000,-1.2776,1.8694,2.9935,FOLLOW,home,0.7341,0.998,15,0.2000,0.1978
122.100,-1.2978,1.8722,3.0151,FOLLOW,home,0.7137,0.998,15,0.2000,0.1767
122.200,-1.3180,1.8745,3.0336,FOLLOW,home,0.6934,1.065,15,0.2000,0.1597
122.300,-1.3383,1.8766,3.0505,FOLLOW,home,0.6731,1.065,14,0.2000,0.1436
122.400,-1.3586,1.8782,3.0665,FOLLOW,home,0.6528,1.019,14,0.2000,0.1280
122.500,-1.3789,1.8796,3.0798,FOLLOW,home,0.6326,1.019,14,0.2000,0.1127
122.600,-1.3993,1.8808,3.0918,FOLLOW,home,0.6124,0.979,13,0.2000,0.1012
122.700,-1.4196,1.8817,3.1026,FOLLOW,home,0.5923,0.979,13,0.2000,0.0913
122.800,-1.4400,1.8824,3.1122,FOLLOW,home,0.5722,0.949,13,0.2000,0.0770
122.900,-1.4604,1.8829,3.1206,FOLLOW,home,0.5522,0.949,11,0.2000,0.0691
123.000,-1.4808,1.8832,3.1279,FOLLOW,home,0.5322,0.898,11,0.2000,0.0564
123.100,-1.4944,1.8834,3.1323,FOLLOW,home,0.5189,0.898,11,0.2000,0.0519
123.200,-1.5148,1.8835,3.1376,FOLLOW,home,0.4990,0.871,10,0.2000,0.0471
123.300,-1.5351,1.8835,-3.1404,FOLLOW,home,0.4792,0.871,10,0.2000,-0.1839
123.400,-1.5555,1.8834,-3.1275,FOLLOW,home,0.4595,0.821,10,0.2000,-0.2153
123.500,-1.5760,1.8835,3.1287,FOLLOW,home,0.4398,0.821,9,0.2000,-0.1878
123.600,-1.5964,1.8839,3.1060,FOLLOW,home,0.4200,0.780,9,0.2000,-0.3521
123.700,-1.6168,1.8849,3.0780,FOLLOW,home,0.4001,0.780,9,0.2000,-0.3314
123.800,-1.6372,1.8865,3.0444,FOLLOW,home,0.3801,0.742,8,0.2000,-0.3017
123.900,-1.6576,1.8889,3.0108,FOLLOW,home,0.3600,0.742,8,0.2000,-0.4116
124.000,-1.6778,1.8919,2.9726,FOLLOW,home,0.3399,0.707,8,0.2000,-0.3782
124.100,-1.6979,1.8957,2.9337,FOLLOW,home,0.3196,0.707,7,0.2000,-0.3431
124.200,-1.7179,1.9003,2.8955,FOLLOW,home,0.2992,0.663,7,0.2000,-0.3081
124.300,-1.7376,1.9056,2.8632,FOLLOW,home,0.2788,0.663,7,0.2000,-0.2814
124.400,-1.7572,1.9115,2.8336,FOLLOW,home,0.2584,0.622,5,0.2000,-0.2585
124.500,-1.7766,1.9180,2.8053,FOLLOW,home,0.2380,0.622,5,0.2000,-0.2374
124.600,-1.7958,1.9250,2.7807,FOLLOW,home,0.2175,0.594,5,0.2000,-0.2224
124.700,-1.8085,1.9299,2.7649,FOLLOW,home,0.2039,0.594,4,0.2000,-0.2137
124.800,-1.8275,1.9376,2.7424,FOLLOW,home,0.1835,0.560,4,0.2000,-0.2034
124.900,-1.8462,1.9458,2.7215,FOLLOW,home,0.1631,0.560,4,0.2000,-0.1972
125.000,-1.8648,1.9543,2.7011,WAITING,home,0.1427,0.511,4,0.0000,0.0000
125.100,-1.8801,1.9617,2.6728,WAITING,home,0.1259,0.511,4,0.0000,0.0000
125.200,-1.8859,1.9647,2.6414,WAITING,home,0.1194,0.486,4,0.0000,0.0000
125.300,-1.8863,1.9649,2.6385,WAITING,home,0.1190,0.486,4,0.0000,0.0000
125.400,-1.8862,1.9649,2.6366,WAITING,home,0.1190,0.495,4,0.0000,0.0000
125.500,-1.8862,1.9649,2.6362,WAITING,home,0.1191,0.495,4,0.0000,0.0000
125.600,-1.8862,1.9649,2.6363,WAITING,home,0.1191,0.480,4,0.0000,0.0000
125.700,-1.8862,1.9649,2.6365,WAITING,home,0.1191,0.480,4,0.0000,0.0000
125.800,-1.8862,1.9649,2.6365,WAITING,home,0.1190,0.480,4,0.0000,0.0000
125.900,-1.8862,1.9649,2.6365,WAITING,home,0.1190,0.480,4,0.0000,0.0000
126.000,-1.8862,1.9649,2.6365,WAITING,home,0.1190,0.477,4,0.0000,0.0000
126.100,-1.8862,1.9649,2.6364,WAITING,home,0.1191,0.477,4,0.0000,0.0000
126.200,-1.8862,1.9649,2.6364,WAITING,home,0.1191,0.494,4,0.0000,0.0000
126.300,-1.8862,1.9649,2.6364,WAITING,home,0.1191,0.494,4,0.0000,0.0000
126.400,-1.8862,1.9649,2.6364,WAITING,home,0.1190,0.479,4,0.0000,0.0000
126.500,-1.8862,1.9649,2.6364,WAITING,home,0.1190,0.479,4,0.0000,0.0000
126.600,-1.8862,1.9649,2.6364,WAITING,home,0.1190,0.490,4,0.0000,0.0000
126.700,-1.8862,1.9649,2.6364,WAITING,home,0.1191,0.490,4,0.0000,0.0000
126.800,-1.8862,1.9649,2.6364,WAITING,home,0.1191,0.489,4,0.0000,0.0000
126.900,-1.8862,1.9649,2.6364,WAITING,home,0.1191,0.489,4,0.0000,0.0000
127.000,-1.8862,1.9649,2.6364,PLAN,home,0.1190,0.490,0,0.0000,0.0000
